repository,url,owner,stars,last_updated
hasura/axiom,https://github.com/hasura/axiom,hasura,0,2025-03-22 01:38:19+00:00
opensource-observer/oso,https://github.com/opensource-observer/oso,opensource-observer,89,2025-03-21 22:36:12+00:00
neftielabs/neftie,https://github.com/neftielabs/neftie,neftielabs,5,2025-03-21 21:58:56+00:00
gazamba/nft-ticketing-dapp,https://github.com/gazamba/nft-ticketing-dapp,gazamba,0,2025-03-21 17:08:33+00:00
midl-xyz/liquity,https://github.com/midl-xyz/liquity,midl-xyz,0,2025-03-21 15:40:13+00:00
autonomys/faucet,https://github.com/autonomys/faucet,autonomys,3,2025-03-21 15:39:02+00:00
kleros/kleros-v2,https://github.com/kleros/kleros-v2,kleros,65,2025-03-20 22:50:00+00:00
1Hive/gardens-v2,https://github.com/1Hive/gardens-v2,1hive,18,2025-03-20 18:46:02+00:00
GainsNetwork-org/gtrade-stats-subgraph,https://github.com/GainsNetwork-org/gtrade-stats-subgraph,gainsnetwork-org,1,2025-03-20 17:11:11+00:00
karpatkey/gnosis-pay-rewards,https://github.com/karpatkey/gnosis-pay-rewards,karpatkey,0,2025-03-20 14:27:57+00:00
hashgraph/hedera-the-graph,https://github.com/hashgraph/hedera-the-graph,hashgraph,4,2025-03-20 05:14:05+00:00
hasura/anomaly-detection-ddn-plugin,https://github.com/hasura/anomaly-detection-ddn-plugin,hasura,0,2025-03-19 19:52:45+00:00
kleros/vea,https://github.com/kleros/vea,kleros,10,2025-03-19 13:46:18+00:00
exohood/exoswap-master-graph-node,https://github.com/exohood/exoswap-master-graph-node,exohood,5,2025-03-18 20:00:08+00:00
ampleforth/spot,https://github.com/ampleforth/spot,ampleforth,14,2025-03-14 17:39:17+00:00
apeharbour/battle-royale,https://github.com/apeharbour/battle-royale,apeharbour,0,2025-03-14 14:53:06+00:00
CamelotLabs/subgraphs,https://github.com/CamelotLabs/subgraphs,camelotlabs,0,2025-03-13 15:59:23+00:00
dhedge/dhedge-v2-subgraphs,https://github.com/dhedge/dhedge-v2-subgraphs,dhedge,3,2025-03-13 15:22:45+00:00
Aut-Labs/contracts,https://github.com/Aut-Labs/contracts,aut-labs,9,2025-03-13 12:46:30+00:00
funtend/contracts-suite,https://github.com/funtend/contracts-suite,funtend,0,2025-03-12 20:15:26+00:00
Arttribute/agent-commons,https://github.com/Arttribute/agent-commons,arttribute,1,2025-03-11 23:49:49+00:00
yashv19/ddn_sandbox,https://github.com/yashv19/ddn_sandbox,yashv19,0,2025-03-11 20:24:51+00:00
QuickSwap/QuickSwap-subgraph,https://github.com/QuickSwap/QuickSwap-subgraph,quickswap,26,2025-03-10 10:12:10+00:00
etherplay/conquest-eth,https://github.com/etherplay/conquest-eth,etherplay,7,2025-03-10 07:12:14+00:00
messari/subgraphs,https://github.com/messari/subgraphs,messari,527,2025-03-09 18:24:31+00:00
Norman2115/stake-and-snake,https://github.com/Norman2115/stake-and-snake,norman2115,0,2025-03-08 01:54:01+00:00
Hats-Protocol/subgraph-ancillary,https://github.com/Hats-Protocol/subgraph-ancillary,hats-protocol,0,2025-03-04 17:43:25+00:00
NVIDIA-ISAAC-ROS/gxf,https://github.com/NVIDIA-ISAAC-ROS/gxf,nvidia-isaac-ros,12,2025-02-28 01:47:16+00:00
greenlucid/raila,https://github.com/greenlucid/raila,greenlucid,1,2025-02-21 10:45:45+00:00
gnars-dao/gnars-frontend,https://github.com/gnars-dao/gnars-frontend,gnars-dao,12,2025-02-19 20:18:29+00:00
kleros/kleros-moderate,https://github.com/kleros/kleros-moderate,kleros,11,2025-02-19 18:22:28+00:00
betfinio/roulette-shared,https://github.com/betfinio/roulette-shared,betfinio,0,2025-02-17 10:03:59+00:00
piplabs/story-dex-swaps,https://github.com/piplabs/story-dex-swaps,piplabs,0,2025-02-10 19:03:31+00:00
Neca-development/commer-blockchain,https://github.com/Neca-development/commer-blockchain,neca-development,0,2025-02-09 08:47:55+00:00
star8ks/poemwiki-subgraph,https://github.com/star8ks/poemwiki-subgraph,star8ks,0,2025-02-07 19:44:15+00:00
show-karma/subgraph-dao-delegates-optimism,https://github.com/show-karma/subgraph-dao-delegates-optimism,show-karma,0,2025-02-07 16:09:39+00:00
ourzora/nouns-builder,https://github.com/ourzora/nouns-builder,ourzora,100,2025-02-06 14:10:59+00:00
0xMillz/nouns-builder,https://github.com/0xMillz/nouns-builder,0xmillz,0,2025-02-06 06:42:29+00:00
hoprnet/hopr-devrel,https://github.com/hoprnet/hopr-devrel,hoprnet,1,2025-02-04 14:41:18+00:00
lilnounsDAO/lilnouns-monorepo,https://github.com/lilnounsDAO/lilnouns-monorepo,lilnounsdao,49,2025-01-21 01:29:53+00:00
DeograciousAggrey/Safire_Insurance,https://github.com/DeograciousAggrey/Safire_Insurance,deograciousaggrey,0,2025-01-16 04:38:55+00:00
rickydata-indexer/curator_agent,https://github.com/rickydata-indexer/curator_agent,rickydata-indexer,1,2025-01-03 14:39:37+00:00
Kredeum/kredeum,https://github.com/Kredeum/kredeum,kredeum,12,2024-12-31 13:56:42+00:00
cowprotocol/subgraph,https://github.com/cowprotocol/subgraph,cowprotocol,4,2024-12-18 17:08:23+00:00
Maxim280596/street-cred-subgraph,https://github.com/Maxim280596/street-cred-subgraph,maxim280596,0,2024-12-17 08:27:15+00:00
jamiebones/crowd_funding_subgraph,https://github.com/jamiebones/crowd_funding_subgraph,jamiebones,0,2024-12-16 07:28:52+00:00
hooperben/matesraffle,https://github.com/hooperben/matesraffle,hooperben,0,2024-12-09 22:19:44+00:00
Koders-Krypto/meme-agent-subgraph,https://github.com/Koders-Krypto/meme-agent-subgraph,koders-krypto,1,2024-12-08 07:28:53+00:00
lokeshwaran100/coinswipe,https://github.com/lokeshwaran100/coinswipe,lokeshwaran100,1,2024-12-08 06:30:37+00:00
rk-rishikesh/SecondSaturday,https://github.com/rk-rishikesh/SecondSaturday,rk-rishikesh,0,2024-12-07 22:06:59+00:00
Raylin51/solana-substream,https://github.com/Raylin51/solana-substream,raylin51,0,2024-11-29 14:27:50+00:00
Phi-NB/substreams-inj,https://github.com/Phi-NB/substreams-inj,phi-nb,0,2024-11-29 09:00:45+00:00
DePerp/dswap-subgraph,https://github.com/DePerp/dswap-subgraph,deperp,0,2024-11-27 10:40:04+00:00
jcsome/ExerciseWeb3,https://github.com/jcsome/ExerciseWeb3,jcsome,0,2024-11-26 09:53:48+00:00
africarare/marketplace-subgraph,https://github.com/africarare/marketplace-subgraph,africarare,0,2024-11-22 06:37:09+00:00
jasonkwm/crop-cash,https://github.com/jasonkwm/crop-cash,jasonkwm,0,2024-11-17 01:53:30+00:00
0xethay/ethay-subgraph,https://github.com/0xethay/ethay-subgraph,0xethay,0,2024-11-17 00:52:56+00:00
kuyen-labs/fuulfactory-subgraph,https://github.com/kuyen-labs/fuulfactory-subgraph,kuyen-labs,0,2024-11-14 20:30:48+00:00
yoms07/Crowdfuding-Dapps,https://github.com/yoms07/Crowdfuding-Dapps,yoms07,0,2024-11-12 10:05:43+00:00
magma-fi/subgraph,https://github.com/magma-fi/subgraph,magma-fi,0,2024-11-11 11:42:25+00:00
memetaverseproject/memetaverse-subgraph,https://github.com/memetaverseproject/memetaverse-subgraph,memetaverseproject,0,2024-11-09 03:47:17+00:00
dipanshuhappy/commeme,https://github.com/dipanshuhappy/commeme,dipanshuhappy,0,2024-11-08 00:42:41+00:00
ragingrahul/EarthCommons,https://github.com/ragingrahul/EarthCommons,ragingrahul,0,2024-11-06 16:17:59+00:00
jaishana25/StakeLearn-,https://github.com/jaishana25/StakeLearn-,jaishana25,0,2024-11-04 11:12:23+00:00
ashishlal2003/FedBlocks,https://github.com/ashishlal2003/FedBlocks,ashishlal2003,0,2024-11-04 09:31:16+00:00
hudsonhrh/Breadchain-subgraph,https://github.com/hudsonhrh/Breadchain-subgraph,hudsonhrh,0,2024-10-23 23:35:01+00:00
chmllr/imtbl,https://github.com/chmllr/imtbl,chmllr,4,2024-10-20 14:47:08+00:00
arnoob25/rahee_api,https://github.com/arnoob25/rahee_api,arnoob25,0,2024-10-20 03:07:43+00:00
taikoxyz/boilerplate-rps-game,https://github.com/taikoxyz/boilerplate-rps-game,taikoxyz,0,2024-10-18 15:02:28+00:00
ZChain-168168/ZChains-Dex-Dapp,https://github.com/ZChain-168168/ZChains-Dex-Dapp,zchain-168168,0,2024-10-18 03:46:47+00:00
jayanth343/iiot-hub,https://github.com/jayanth343/iiot-hub,jayanth343,0,2024-10-17 05:50:42+00:00
XORD-one/Vulgate-Tasks,https://github.com/XORD-one/Vulgate-Tasks,xord-one,2,2024-10-14 13:31:08+00:00
hasura/ddn-examples,https://github.com/hasura/ddn-examples,hasura,0,2024-10-10 18:48:23+00:00
msolorio/hasura_project,https://github.com/msolorio/hasura_project,msolorio,0,2024-10-10 01:29:48+00:00
DIGITALAX/digitalax-contracts,https://github.com/DIGITALAX/digitalax-contracts,digitalax,36,2024-10-09 19:14:53+00:00
DIGITALAX/OpenAction-Contract-Library,https://github.com/DIGITALAX/OpenAction-Contract-Library,digitalax,0,2024-10-09 19:08:33+00:00
anagh162/graph,https://github.com/anagh162/graph,anagh162,0,2024-10-08 18:09:35+00:00
npereira33/nickpgraph,https://github.com/npereira33/nickpgraph,npereira33,0,2024-10-08 17:50:59+00:00
zytieren2/zyt_repo,https://github.com/zytieren2/zyt_repo,zytieren2,0,2024-10-08 17:47:59+00:00
drw-fan/drw-fan-graph,https://github.com/drw-fan/drw-fan-graph,drw-fan,0,2024-10-08 14:14:29+00:00
andrew-erickson/andrew-erickson-graph,https://github.com/andrew-erickson/andrew-erickson-graph,andrew-erickson,0,2024-10-08 14:02:14+00:00
izana-dev/subgraph,https://github.com/izana-dev/subgraph,izana-dev,0,2024-10-08 07:08:47+00:00
saniksin/practice_5,https://github.com/saniksin/practice_5,saniksin,0,2024-10-06 17:13:10+00:00
GitTM527/subgrapghql_ERC20,https://github.com/GitTM527/subgrapghql_ERC20,gittm527,0,2024-10-06 00:24:28+00:00
RahmanC/airdrop-token-subgraph,https://github.com/RahmanC/airdrop-token-subgraph,rahmanc,0,2024-10-05 05:48:09+00:00
VerisLabs/unlockdv2_subgraph,https://github.com/VerisLabs/unlockdv2_subgraph,verislabs,0,2024-10-04 16:26:49+00:00
kumu-G/NFTMarketHub,https://github.com/kumu-G/NFTMarketHub,kumu-g,1,2024-10-01 16:01:24+00:00
dapplooker/subgraph-analytics,https://github.com/dapplooker/subgraph-analytics,dapplooker,3,2024-09-25 08:49:44+00:00
Ahmedborwin/ALVO,https://github.com/Ahmedborwin/ALVO,ahmedborwin,0,2024-09-24 07:40:34+00:00
hironate/dohodl.xyz,https://github.com/hironate/dohodl.xyz,hironate,1,2024-09-23 11:45:01+00:00
bernardev254/aavesubgraph,https://github.com/bernardev254/aavesubgraph,bernardev254,0,2024-09-21 08:44:22+00:00
pinax-network/subgraph-alien-worlds,https://github.com/pinax-network/subgraph-alien-worlds,pinax-network,0,2024-09-16 15:18:52+00:00
jac0x/erc20-balance-snapshot,https://github.com/jac0x/erc20-balance-snapshot,jac0x,0,2024-09-14 04:15:59+00:00
minhnhathoang/multi-subgraph,https://github.com/minhnhathoang/multi-subgraph,minhnhathoang,0,2024-09-13 07:08:55+00:00
DODOEX/dodoex_v2_subgraph,https://github.com/DODOEX/dodoex_v2_subgraph,dodoex,39,2024-09-13 03:27:07+00:00
BaseAfrica/farade,https://github.com/BaseAfrica/farade,baseafrica,0,2024-09-12 23:21:21+00:00
Pkwolffe/study-fundraiser-project,https://github.com/Pkwolffe/study-fundraiser-project,pkwolffe,0,2024-09-11 17:51:20+00:00
ItzNinjaCat/Decentralised-ticketing-system,https://github.com/ItzNinjaCat/Decentralised-ticketing-system,itzninjacat,0,2024-09-11 09:06:31+00:00
knownorigin/known-origin-subgraph,https://github.com/knownorigin/known-origin-subgraph,knownorigin,5,2024-09-11 04:01:48+00:00
qiaopengjun5162/NFTMarketHub,https://github.com/qiaopengjun5162/NFTMarketHub,qiaopengjun5162,0,2024-09-07 04:46:31+00:00
GoSTEAN/voting_DApp_graph,https://github.com/GoSTEAN/voting_DApp_graph,gostean,0,2024-09-06 14:06:53+00:00
keybig/v3sg,https://github.com/keybig/v3sg,keybig,0,2024-09-04 18:34:29+00:00
MobulaFi/univ2-subgraph-celo,https://github.com/MobulaFi/univ2-subgraph-celo,mobulafi,0,2024-09-02 09:28:23+00:00
MobulaFi/univ2-subgraph-polygonzkevm,https://github.com/MobulaFi/univ2-subgraph-polygonzkevm,mobulafi,1,2024-09-02 06:16:40+00:00
BoddepallyVenkatesh06/Insurance-Transfer-DApp,https://github.com/BoddepallyVenkatesh06/Insurance-Transfer-DApp,boddepallyvenkatesh06,1,2024-08-29 07:15:15+00:00
blockful-io/trustful-gap-subgraph,https://github.com/blockful-io/trustful-gap-subgraph,blockful-io,0,2024-08-26 21:24:05+00:00
incrypto32/subgraph-ds-example,https://github.com/incrypto32/subgraph-ds-example,incrypto32,0,2024-08-26 15:10:45+00:00
ChaosLabsInc/subgraph-benqi,https://github.com/ChaosLabsInc/subgraph-benqi,chaoslabsinc,0,2024-08-20 07:05:37+00:00
papercliplabs/compound-info-subgraph,https://github.com/papercliplabs/compound-info-subgraph,papercliplabs,0,2024-08-15 15:34:58+00:00
shreyaspapi/superhack-project-name,https://github.com/shreyaspapi/superhack-project-name,shreyaspapi,0,2024-08-11 16:08:54+00:00
aroralanuk/ratioed-subgraph,https://github.com/aroralanuk/ratioed-subgraph,aroralanuk,0,2024-08-11 14:11:50+00:00
Ajay-Sankar/hasura,https://github.com/Ajay-Sankar/hasura,ajay-sankar,0,2024-08-09 14:16:31+00:00
OpenZeppelin/defender-subgraphs,https://github.com/OpenZeppelin/defender-subgraphs,openzeppelin,1,2024-08-02 14:49:43+00:00
itsjerryokolo/autonolas-subgraph,https://github.com/itsjerryokolo/autonolas-subgraph,itsjerryokolo,0,2024-07-30 12:36:50+00:00
enviodev/azuro-envio-indexer-boilerplate,https://github.com/enviodev/azuro-envio-indexer-boilerplate,enviodev,2,2024-07-30 08:32:33+00:00
bobanetwork/boba_legacy,https://github.com/bobanetwork/boba_legacy,bobanetwork,61,2024-07-29 23:08:20+00:00
GETProtocol/subgraph,https://github.com/GETProtocol/subgraph,getprotocol,15,2024-07-29 12:52:21+00:00
brenkib/the-graph-playground,https://github.com/brenkib/the-graph-playground,brenkib,0,2024-07-26 22:23:20+00:00
topsports-exchange/topsports-subgraph,https://github.com/topsports-exchange/topsports-subgraph,topsports-exchange,0,2024-07-24 12:47:57+00:00
kandre02/ScrollCityCup,https://github.com/kandre02/ScrollCityCup,kandre02,0,2024-07-18 23:05:23+00:00
rhinestonewtf/subgraphs,https://github.com/rhinestonewtf/subgraphs,rhinestonewtf,4,2024-07-17 21:06:04+00:00
djaciel/subgraph-mevm,https://github.com/djaciel/subgraph-mevm,djaciel,0,2024-07-17 03:15:16+00:00
acgodson/zeroAI,https://github.com/acgodson/zeroAI,acgodson,4,2024-07-16 05:54:10+00:00
AcertChain/graph-node,https://github.com/AcertChain/graph-node,acertchain,0,2024-07-11 03:03:02+00:00
nevermined-io/subgraph,https://github.com/nevermined-io/subgraph,nevermined-io,5,2024-07-08 14:26:54+00:00
Airstack-xyz/Subgraphs,https://github.com/Airstack-xyz/Subgraphs,airstack-xyz,11,2024-07-02 20:25:18+00:00
revert-finance/compoundor-subgraph,https://github.com/revert-finance/compoundor-subgraph,revert-finance,0,2024-07-02 16:38:29+00:00
VeryLongSwap/fixed-staking-subgraph,https://github.com/VeryLongSwap/fixed-staking-subgraph,verylongswap,0,2024-07-02 06:13:15+00:00
zipingw/The-Graph-Bounty,https://github.com/zipingw/The-Graph-Bounty,zipingw,0,2024-06-30 13:04:10+00:00
pancakeswap/pancake-subgraph,https://github.com/pancakeswap/pancake-subgraph,pancakeswap,338,2024-06-27 03:17:58+00:00
PaulWeb30/nft_marketplace,https://github.com/PaulWeb30/nft_marketplace,paulweb30,0,2024-06-23 21:21:27+00:00
Plantoidz/Plantoid-webUI,https://github.com/Plantoidz/Plantoid-webUI,plantoidz,1,2024-06-13 12:36:38+00:00
ipatka/plantoid-ui,https://github.com/ipatka/plantoid-ui,ipatka,0,2024-06-06 00:02:14+00:00
PooDoge/chewy-subgraphs,https://github.com/PooDoge/chewy-subgraphs,poodoge,0,2024-06-02 22:45:30+00:00
Retiazky/patty-pat,https://github.com/Retiazky/patty-pat,retiazky,1,2024-06-02 10:41:43+00:00
v3xlabs/rescue-name-substream,https://github.com/v3xlabs/rescue-name-substream,v3xlabs,1,2024-06-02 08:31:47+00:00
ByteAtATime/rapidswap,https://github.com/ByteAtATime/rapidswap,byteatatime,0,2024-06-01 21:02:36+00:00
wighawag/eip721-subgraph,https://github.com/wighawag/eip721-subgraph,wighawag,81,2024-05-30 09:22:31+00:00
truth4you/cashx-relayer,https://github.com/truth4you/cashx-relayer,truth4you,0,2024-05-17 10:24:20+00:00
JulioMCruz/SunriseUpgradeProgram,https://github.com/JulioMCruz/SunriseUpgradeProgram,juliomcruz,0,2024-05-14 22:33:49+00:00
ammarsjw/cfi,https://github.com/ammarsjw/cfi,ammarsjw,0,2024-05-14 08:30:44+00:00
OkoliEvans/kulipa,https://github.com/OkoliEvans/kulipa,okolievans,1,2024-05-10 09:13:46+00:00
FuelLabs/fuel-subgraph,https://github.com/FuelLabs/fuel-subgraph,fuellabs,46,2024-05-06 15:50:08+00:00
Gnosis-Auction/auction-graph,https://github.com/Gnosis-Auction/auction-graph,gnosis-auction,1,2024-04-29 13:40:09+00:00
pawthereum/subgraphs,https://github.com/pawthereum/subgraphs,pawthereum,0,2024-04-28 22:48:50+00:00
heroesofnft/subgraphs,https://github.com/heroesofnft/subgraphs,heroesofnft,0,2024-04-28 11:54:52+00:00
shiyasmohd/erc20-sepolia,https://github.com/shiyasmohd/erc20-sepolia,shiyasmohd,0,2024-04-19 06:35:14+00:00
dwi/approval-revoke-subgraph,https://github.com/dwi/approval-revoke-subgraph,dwi,1,2024-04-16 07:13:03+00:00
liquity/dev,https://github.com/liquity/dev,liquity,343,2024-04-15 06:33:59+00:00
MukulKolpe/ETHMumbai,https://github.com/MukulKolpe/ETHMumbai,mukulkolpe,1,2024-04-12 17:40:11+00:00
sakkurthi-sashank/geo-blocks,https://github.com/sakkurthi-sashank/geo-blocks,sakkurthi-sashank,1,2024-04-10 12:29:03+00:00
clober-dex/coupon-subgraph,https://github.com/clober-dex/coupon-subgraph,clober-dex,0,2024-04-03 02:31:52+00:00
DennohKim/on-chain-events,https://github.com/DennohKim/on-chain-events,dennohkim,0,2024-04-01 18:31:16+00:00
marcusats/kanan-subgraph,https://github.com/marcusats/kanan-subgraph,marcusats,0,2024-04-01 13:52:00+00:00
rose2221/ETHMumbai,https://github.com/rose2221/ETHMumbai,rose2221,0,2024-03-31 03:28:07+00:00
kernel-community/honour,https://github.com/kernel-community/honour,kernel-community,14,2024-03-30 14:17:00+00:00
1Hive/quests,https://github.com/1Hive/quests,1hive,11,2024-03-28 18:52:11+00:00
webtresclub/huffplug,https://github.com/webtresclub/huffplug,webtresclub,38,2024-03-27 16:21:52+00:00
argentlabs/argent-trustlists,https://github.com/argentlabs/argent-trustlists,argentlabs,6,2024-03-26 12:17:54+00:00
ScopeLift/l2-flexible-voting-governor-subgraph,https://github.com/ScopeLift/l2-flexible-voting-governor-subgraph,scopelift,1,2024-03-25 13:55:52+00:00
demora33/voting-manager-tool,https://github.com/demora33/voting-manager-tool,demora33,0,2024-03-20 17:37:09+00:00
carrot-kpi/monorepo,https://github.com/carrot-kpi/monorepo,carrot-kpi,5,2024-03-19 16:32:26+00:00
schmidsi/pointsicle,https://github.com/schmidsi/pointsicle,schmidsi,1,2024-03-17 10:56:32+00:00
showtime-xyz/base-nfts-subgraph,https://github.com/showtime-xyz/base-nfts-subgraph,showtime-xyz,0,2024-03-16 16:14:25+00:00
nijoe1/AIMarket,https://github.com/nijoe1/AIMarket,nijoe1,0,2024-03-16 13:41:29+00:00
top-comengineer/RaffleSubgraph,https://github.com/top-comengineer/RaffleSubgraph,top-comengineer,0,2024-03-15 13:02:33+00:00
Mumtaz503/Employment-marketplace-front-end,https://github.com/Mumtaz503/Employment-marketplace-front-end,mumtaz503,0,2024-03-15 11:37:43+00:00
mangas/uniswap-v3-dataset-sg,https://github.com/mangas/uniswap-v3-dataset-sg,mangas,0,2024-03-15 05:56:04+00:00
K-Honsu/ETH-Nigeria-Zero-to-dapp-hackathon,https://github.com/K-Honsu/ETH-Nigeria-Zero-to-dapp-hackathon,k-honsu,0,2024-03-06 23:51:24+00:00
zaswap/zaswap-subgraph,https://github.com/zaswap/zaswap-subgraph,zaswap,0,2024-03-01 03:22:36+00:00
JohnCorrigan1/sps-genesis-test,https://github.com/JohnCorrigan1/sps-genesis-test,johncorrigan1,0,2024-02-27 02:51:37+00:00
muon-protocol/muon-subgraphs,https://github.com/muon-protocol/muon-subgraphs,muon-protocol,0,2024-02-23 19:47:53+00:00
Dhruv-2003/AvalancheDCA,https://github.com/Dhruv-2003/AvalancheDCA,dhruv-2003,0,2024-02-19 23:07:14+00:00
ourzora/json-extension-registry,https://github.com/ourzora/json-extension-registry,ourzora,10,2024-02-18 03:12:33+00:00
dopedao/dope-monorepo,https://github.com/dopedao/dope-monorepo,dopedao,24,2024-02-13 08:22:57+00:00
rtfei/Subgraphs,https://github.com/rtfei/Subgraphs,rtfei,2,2024-02-11 21:38:40+00:00
Range-Protocol/subgraph,https://github.com/Range-Protocol/subgraph,range-protocol,1,2024-02-08 09:47:12+00:00
cryptexfinance/ctx-delegation-stats,https://github.com/cryptexfinance/ctx-delegation-stats,cryptexfinance,0,2024-02-05 18:24:09+00:00
JohnCorrigan1/kelpDao-SPS,https://github.com/JohnCorrigan1/kelpDao-SPS,johncorrigan1,0,2024-01-29 23:22:30+00:00
EVM-BUILDER/Dex-Smart-Contract-Graphnode,https://github.com/EVM-BUILDER/Dex-Smart-Contract-Graphnode,evm-builder,1,2024-01-22 07:30:55+00:00
muktanshumishra24/base-nft-subgraph,https://github.com/muktanshumishra24/base-nft-subgraph,muktanshumishra24,0,2024-01-21 19:29:26+00:00
0xukhezo/Spectre-Protocol,https://github.com/0xukhezo/Spectre-Protocol,0xukhezo,0,2024-01-20 09:16:11+00:00
VishalPachpor/Leaf-Track,https://github.com/VishalPachpor/Leaf-Track,vishalpachpor,0,2024-01-19 15:56:26+00:00
KirienzoEth/lr-ptb-stats,https://github.com/KirienzoEth/lr-ptb-stats,kirienzoeth,0,2024-01-14 04:22:42+00:00
muktanshumishra24/cryptopunks-subgraph-demo,https://github.com/muktanshumishra24/cryptopunks-subgraph-demo,muktanshumishra24,0,2024-01-09 09:19:19+00:00
beamer-bridge/beamer,https://github.com/beamer-bridge/beamer,beamer-bridge,45,2024-01-05 17:50:36+00:00
Oba-One/web3-starter-kit,https://github.com/Oba-One/web3-starter-kit,oba-one,4,2024-01-04 04:44:36+00:00
NeokiDeMa/marketplace-subgraph,https://github.com/NeokiDeMa/marketplace-subgraph,neokidema,0,2024-01-03 12:36:47+00:00
horse-link/horse.link.subgraph.sepolia,https://github.com/horse-link/horse.link.subgraph.sepolia,horse-link,0,2024-01-01 22:54:22+00:00
deniseulenburg/example-subgraph,https://github.com/deniseulenburg/example-subgraph,deniseulenburg,1,2023-12-21 17:19:20+00:00
shotaronowhere/sequencer-analytics,https://github.com/shotaronowhere/sequencer-analytics,shotaronowhere,0,2023-12-20 19:18:36+00:00
gaspare100/scrub-graphs,https://github.com/gaspare100/scrub-graphs,gaspare100,0,2023-12-18 21:25:13+00:00
market-ticker/CMT,https://github.com/market-ticker/CMT,market-ticker,0,2023-12-17 20:52:38+00:00
BlocSoc-iitr/FLockChain,https://github.com/BlocSoc-iitr/FLockChain,blocsoc-iitr,13,2023-12-16 21:05:21+00:00
OpenQDev/OpenQ-Dojo,https://github.com/OpenQDev/OpenQ-Dojo,openqdev,0,2023-12-15 20:18:27+00:00
near-everything/subgraph,https://github.com/near-everything/subgraph,near-everything,1,2023-12-15 17:24:04+00:00
Cborgg/Sub-Graph,https://github.com/Cborgg/Sub-Graph,cborgg,0,2023-12-13 09:41:53+00:00
shpurohit/auditopia,https://github.com/shpurohit/auditopia,shpurohit,0,2023-12-10 13:12:40+00:00
peer-3/waoprotocol,https://github.com/peer-3/waoprotocol,peer-3,1,2023-12-10 03:11:01+00:00
pectoraux/pancake-subgraph2,https://github.com/pectoraux/pancake-subgraph2,pectoraux,0,2023-12-08 19:39:06+00:00
hivakarami/Tether-Subgraph,https://github.com/hivakarami/Tether-Subgraph,hivakarami,1,2023-12-01 20:34:38+00:00
AnanthVivekanand/pendle-wsteth-the-graph,https://github.com/AnanthVivekanand/pendle-wsteth-the-graph,ananthvivekanand,0,2023-11-29 01:31:43+00:00
dappnode/toolkit,https://github.com/dappnode/toolkit,dappnode,1,2023-11-22 09:56:04+00:00
SauravKanchan/x3,https://github.com/SauravKanchan/x3,sauravkanchan,0,2023-11-19 06:41:44+00:00
prmali/portifi-ethsf,https://github.com/prmali/portifi-ethsf,prmali,2,2023-11-11 05:54:56+00:00
Vikash-8090-Yadav/Future.WebNet,https://github.com/Vikash-8090-Yadav/Future.WebNet,vikash-8090-yadav,110,2023-11-08 14:13:34+00:00
AmaanSayyad/Biconomy-Token-Subgraph,https://github.com/AmaanSayyad/Biconomy-Token-Subgraph,amaansayyad,0,2023-11-01 12:01:06+00:00
oaswap/oaswap-subgraph,https://github.com/oaswap/oaswap-subgraph,oaswap,0,2023-11-01 11:36:22+00:00
tellor-io/tellor-autopay-optimism-main-graph,https://github.com/tellor-io/tellor-autopay-optimism-main-graph,tellor-io,0,2023-10-29 17:33:50+00:00
jmulq/DAOmocracy,https://github.com/jmulq/DAOmocracy,jmulq,0,2023-10-26 14:20:50+00:00
BLOXAUCE/HACK-Voteem,https://github.com/BLOXAUCE/HACK-Voteem,bloxauce,0,2023-10-24 12:42:00+00:00
saRvaGnyA/auditopia-dev,https://github.com/saRvaGnyA/auditopia-dev,sarvagnya,2,2023-10-22 15:26:38+00:00
michaelliao/1024pixels,https://github.com/michaelliao/1024pixels,michaelliao,6,2023-10-21 13:55:10+00:00
Gordiancyber/TheGraph,https://github.com/Gordiancyber/TheGraph,gordiancyber,0,2023-10-12 18:03:41+00:00
Aaroh1/NFT-Marketplace-,https://github.com/Aaroh1/NFT-Marketplace-,aaroh1,0,2023-09-30 15:12:02+00:00
mtfuji25/hector-fantom-subgraph,https://github.com/mtfuji25/hector-fantom-subgraph,mtfuji25,1,2023-09-26 11:54:17+00:00
Srikarmk/Polygon-Mumbai-Subgraph,https://github.com/Srikarmk/Polygon-Mumbai-Subgraph,srikarmk,0,2023-09-25 17:41:14+00:00
sukanyaparashar/graph-neon-test,https://github.com/sukanyaparashar/graph-neon-test,sukanyaparashar,0,2023-09-25 14:46:51+00:00
eugenioclrc/addrenfty,https://github.com/eugenioclrc/addrenfty,eugenioclrc,0,2023-09-24 05:20:45+00:00
posheadig/uni2-graph,https://github.com/posheadig/uni2-graph,posheadig,0,2023-09-23 11:23:56+00:00
MusicFeast/graph,https://github.com/MusicFeast/graph,musicfeast,0,2023-09-20 17:59:43+00:00
gabrielmellace1/NFTGameCredit,https://github.com/gabrielmellace1/NFTGameCredit,gabrielmellace1,0,2023-09-18 14:24:59+00:00
SammyBloom/MyCryptoPunkSubGraph_liveatgraphprotocol,https://github.com/SammyBloom/MyCryptoPunkSubGraph_liveatgraphprotocol,sammybloom,0,2023-09-17 22:59:47+00:00
MkDev11/NFTicket,https://github.com/MkDev11/NFTicket,mkdev11,0,2023-09-17 01:36:17+00:00
Prasoon1308/subgraph_demo,https://github.com/Prasoon1308/subgraph_demo,prasoon1308,0,2023-09-12 04:48:25+00:00
pnoken/nsawa-graph,https://github.com/pnoken/nsawa-graph,pnoken,0,2023-09-09 08:06:47+00:00
schmidsi/ethaccra-subgraph-se2,https://github.com/schmidsi/ethaccra-subgraph-se2,schmidsi,1,2023-09-08 18:04:47+00:00
chidubesteve/nft-marketpace-subgraph,https://github.com/chidubesteve/nft-marketpace-subgraph,chidubesteve,0,2023-09-01 10:39:57+00:00
Alkimiya/vault-subgraph,https://github.com/Alkimiya/vault-subgraph,alkimiya,0,2023-08-30 21:56:00+00:00
xthet/sg-manger-project-v4,https://github.com/xthet/sg-manger-project-v4,xthet,0,2023-08-30 12:18:13+00:00
beaaamapp/beaaam-monorepo,https://github.com/beaaamapp/beaaam-monorepo,beaaamapp,0,2023-08-27 14:23:42+00:00
otterspace-xyz/badges-subgraph,https://github.com/otterspace-xyz/badges-subgraph,otterspace-xyz,2,2023-08-26 12:52:38+00:00
danimbrogno/union-dao,https://github.com/danimbrogno/union-dao,danimbrogno,2,2023-08-24 15:57:31+00:00
UmamiDAO/vaults-subgraph,https://github.com/UmamiDAO/vaults-subgraph,umamidao,0,2023-08-18 23:52:12+00:00
face-protocol/contracts,https://github.com/face-protocol/contracts,face-protocol,0,2023-08-13 15:40:43+00:00
helloiampratyush/nftMarketPlace-graph,https://github.com/helloiampratyush/nftMarketPlace-graph,helloiampratyush,1,2023-08-09 17:50:12+00:00
level-fi/subgraphs,https://github.com/level-fi/subgraphs,level-fi,1,2023-08-09 07:38:50+00:00
omarhibshi/graph-nft-markeplace-fcc,https://github.com/omarhibshi/graph-nft-markeplace-fcc,omarhibshi,1,2023-08-07 10:11:08+00:00
rite-of-moloch/rom-subgraph,https://github.com/rite-of-moloch/rom-subgraph,rite-of-moloch,0,2023-08-03 10:44:08+00:00
warunsinx/erc721-subgraph,https://github.com/warunsinx/erc721-subgraph,warunsinx,0,2023-07-26 14:25:19+00:00
SilviaMargaritaOcegueda/trial-bb-new-wallets,https://github.com/SilviaMargaritaOcegueda/trial-bb-new-wallets,silviamargaritaocegueda,0,2023-07-16 22:43:35+00:00
ekmanss/feeRouter_graph,https://github.com/ekmanss/feeRouter_graph,ekmanss,0,2023-07-13 08:13:10+00:00
quackswap/quackswap-ethereum-blocks,https://github.com/quackswap/quackswap-ethereum-blocks,quackswap,0,2023-07-13 05:06:50+00:00
endaoment/endaoment-subgraph,https://github.com/endaoment/endaoment-subgraph,endaoment,1,2023-07-12 22:35:27+00:00
Govrn-HQ/govrn-monorepo,https://github.com/Govrn-HQ/govrn-monorepo,govrn-hq,7,2023-07-12 19:57:54+00:00
Extropianism-io/the-graph-evm-nodes-module-nft,https://github.com/Extropianism-io/the-graph-evm-nodes-module-nft,extropianism-io,0,2023-07-03 10:11:05+00:00
MichaelMacaulay/Developer-DAO-Subgraph,https://github.com/MichaelMacaulay/Developer-DAO-Subgraph,michaelmacaulay,0,2023-06-27 14:35:14+00:00
5ajaki/LooHack,https://github.com/5ajaki/LooHack,5ajaki,0,2023-06-25 04:32:57+00:00
corerouter/subgraphs,https://github.com/corerouter/subgraphs,corerouter,0,2023-06-22 12:14:50+00:00
colinnielsen/contractooor-subgraph,https://github.com/colinnielsen/contractooor-subgraph,colinnielsen,0,2023-06-15 04:32:32+00:00
Data-Nexus-Web3/Camelot-v3,https://github.com/Data-Nexus-Web3/Camelot-v3,data-nexus-web3,0,2023-06-13 15:55:42+00:00
ChainSafe/game-subgraphs,https://github.com/ChainSafe/game-subgraphs,chainsafe,2,2023-06-08 18:17:32+00:00
Ian-Bright/bls-wallet-analytics,https://github.com/Ian-Bright/bls-wallet-analytics,ian-bright,0,2023-06-01 15:00:45+00:00
upnodedev/gnosis-gravatar-subgraph,https://github.com/upnodedev/gnosis-gravatar-subgraph,upnodedev,0,2023-05-28 17:49:08+00:00
morgan-redbite/zksyncdex-graph,https://github.com/morgan-redbite/zksyncdex-graph,morgan-redbite,1,2023-05-23 04:31:28+00:00
Web3Rizzards/bluebirdswap,https://github.com/Web3Rizzards/bluebirdswap,web3rizzards,1,2023-04-19 01:55:39+00:00
gaollg/tintin-lesson-5,https://github.com/gaollg/tintin-lesson-5,gaollg,0,2023-04-14 07:31:37+00:00
DALHOUM-Ahmed/aurora-subgraph,https://github.com/DALHOUM-Ahmed/aurora-subgraph,dalhoum-ahmed,0,2023-03-31 04:50:36+00:00
TobiasLoader/raeda,https://github.com/TobiasLoader/raeda,tobiasloader,2,2023-03-29 16:09:42+00:00
QuickSwap/v3-subgraphs,https://github.com/QuickSwap/v3-subgraphs,quickswap,2,2023-03-27 14:30:48+00:00
RaviMauryaHootowl/DeSocials,https://github.com/RaviMauryaHootowl/DeSocials,ravimauryahootowl,1,2023-03-26 12:56:49+00:00
asim07/BunnyPunk-subgraphs,https://github.com/asim07/BunnyPunk-subgraphs,asim07,0,2023-03-21 20:07:03+00:00
VlodkoMr/near-chatme,https://github.com/VlodkoMr/near-chatme,vlodkomr,17,2023-03-14 08:19:57+00:00
ouryi2019/shhans_club_test_subgrah,https://github.com/ouryi2019/shhans_club_test_subgrah,ouryi2019,0,2023-03-08 09:45:55+00:00
DimensionDev/ITO-Subgraph,https://github.com/DimensionDev/ITO-Subgraph,dimensiondev,1,2023-03-05 17:50:54+00:00
DimensionDev/RedPacket-Subgraph,https://github.com/DimensionDev/RedPacket-Subgraph,dimensiondev,0,2023-03-03 04:44:51+00:00
dl-dapppad/subgraph,https://github.com/dl-dapppad/subgraph,dl-dapppad,0,2023-02-24 13:05:43+00:00
mesher-labs/swallow-monorepo,https://github.com/mesher-labs/swallow-monorepo,mesher-labs,7,2023-02-14 10:23:20+00:00
Galxe/galxe-nft-subgraph,https://github.com/Galxe/galxe-nft-subgraph,galxe,22,2023-02-13 03:49:05+00:00
shashank42/glip-protocols,https://github.com/shashank42/glip-protocols,shashank42,0,2023-02-12 03:18:28+00:00
Developer-DAO/Lens-Graph-Subgraph,https://github.com/Developer-DAO/Lens-Graph-Subgraph,developer-dao,54,2023-02-07 13:47:19+00:00
ErDanieh/Easy-First-SmartContracts,https://github.com/ErDanieh/Easy-First-SmartContracts,erdanieh,0,2023-01-27 17:23:41+00:00
opynfinance/Convexity-Subgraph,https://github.com/opynfinance/Convexity-Subgraph,opynfinance,0,2023-01-24 04:28:09+00:00
eternauta1337/voting-subgraph,https://github.com/eternauta1337/voting-subgraph,eternauta1337,0,2023-01-24 02:28:29+00:00
erasureprotocol/erasure-protocol,https://github.com/erasureprotocol/erasure-protocol,erasureprotocol,164,2023-01-24 00:40:11+00:00
OpenST/facilitator,https://github.com/OpenST/facilitator,openst,14,2023-01-23 23:02:36+00:00
0xmetropolis/subgraph,https://github.com/0xmetropolis/subgraph,0xmetropolis,6,2023-01-23 17:37:35+00:00
SVerseLab/Shadow-Subgraphs,https://github.com/SVerseLab/Shadow-Subgraphs,sverselab,0,2023-01-21 21:37:48+00:00
anudit/101BadgesSubgraph,https://github.com/anudit/101BadgesSubgraph,anudit,1,2023-01-21 13:30:08+00:00
juanmardefago/loopring-subgraph-v2,https://github.com/juanmardefago/loopring-subgraph-v2,juanmardefago,3,2023-01-19 22:11:42+00:00
Amtaf/ENS_10K_Subgraph,https://github.com/Amtaf/ENS_10K_Subgraph,amtaf,0,2023-01-09 20:19:12+00:00
OpenST/mosaic-chains,https://github.com/OpenST/mosaic-chains,openst,13,2022-12-30 17:21:02+00:00
SANTHOSH17-DOT/ETHIndia22,https://github.com/SANTHOSH17-DOT/ETHIndia22,santhosh17-dot,0,2022-12-26 12:31:14+00:00
ripples3/daohaus-subgraph,https://github.com/ripples3/daohaus-subgraph,ripples3,0,2022-12-22 17:58:40+00:00
0xSenzel/chainlink-graph-randomwinner,https://github.com/0xSenzel/chainlink-graph-randomwinner,0xsenzel,0,2022-12-22 11:16:18+00:00
d3centr/uniswap-dapp,https://github.com/d3centr/uniswap-dapp,d3centr,0,2022-12-13 23:35:52+00:00
2key/2key-subgraphs,https://github.com/2key/2key-subgraphs,2key,10,2022-12-12 05:55:51+00:00
protofire/uma-subgraph,https://github.com/protofire/uma-subgraph,protofire,3,2022-12-11 14:43:05+00:00
poanetwork/poamania-subgraph,https://github.com/poanetwork/poamania-subgraph,poanetwork,1,2022-12-11 00:09:34+00:00
odyssy-automaton/daohaus-moloch-v2-factory,https://github.com/odyssy-automaton/daohaus-moloch-v2-factory,odyssy-automaton,1,2022-12-10 16:42:38+00:00
gnosis/dex-subgraph,https://github.com/gnosis/dex-subgraph,gnosis,15,2022-12-10 14:16:01+00:00
sistemico/zinc-subgraph,https://github.com/sistemico/zinc-subgraph,sistemico,0,2022-12-09 17:48:55+00:00
parallel-finance/subgraph-generator,https://github.com/parallel-finance/subgraph-generator,parallel-finance,0,2022-12-08 17:28:06+00:00
eternauta1337/aragon-voting-subgraph,https://github.com/eternauta1337/aragon-voting-subgraph,eternauta1337,1,2022-12-07 18:21:07+00:00
Betoken/betoken-subgraph,https://github.com/Betoken/betoken-subgraph,betoken,5,2022-12-06 15:36:28+00:00
blocklytics/foam-subgraph,https://github.com/blocklytics/foam-subgraph,blocklytics,1,2022-12-06 14:37:19+00:00
Nemusonaneko/token-escrow-subgraph,https://github.com/Nemusonaneko/token-escrow-subgraph,nemusonaneko,1,2022-12-02 09:35:50+00:00
Ijlal-Ishaq/Social-Blocks-Graph,https://github.com/Ijlal-Ishaq/Social-Blocks-Graph,ijlal-ishaq,0,2022-11-21 14:04:21+00:00
dswilson4/public-canto-eip721-subgraph,https://github.com/dswilson4/public-canto-eip721-subgraph,dswilson4,0,2022-11-17 01:03:48+00:00
creaton-io/creaton,https://github.com/creaton-io/creaton,creaton-io,46,2022-11-14 13:40:13+00:00
tonyfung99/tride-subgraph,https://github.com/tonyfung99/tride-subgraph,tonyfung99,1,2022-11-08 06:57:44+00:00
Omegachads/impressions-subgraph,https://github.com/Omegachads/impressions-subgraph,omegachads,0,2022-11-06 16:43:05+00:00
Hirama/graph,https://github.com/Hirama/graph,hirama,0,2022-11-05 20:56:57+00:00
paraswap/paraswap-rfq-subgraph,https://github.com/paraswap/paraswap-rfq-subgraph,paraswap,0,2022-11-02 21:42:35+00:00
Itheum/poc-identity-factory-subgraph,https://github.com/Itheum/poc-identity-factory-subgraph,itheum,0,2022-11-01 09:36:32+00:00
kenjicncr/teddy-subgraph,https://github.com/kenjicncr/teddy-subgraph,kenjicncr,0,2022-10-26 23:36:24+00:00
magalimorin18/graph-node-UP,https://github.com/magalimorin18/graph-node-UP,magalimorin18,0,2022-10-26 16:03:09+00:00
dezzyboy/jioswap-subgraph,https://github.com/dezzyboy/jioswap-subgraph,dezzyboy,2,2022-10-23 15:26:01+00:00
salviega/cosmos-subgraph,https://github.com/salviega/cosmos-subgraph,salviega,0,2022-10-23 02:23:27+00:00
reanblock/fameladysquad-subgraph,https://github.com/reanblock/fameladysquad-subgraph,reanblock,0,2022-10-15 04:31:34+00:00
SilviaMargaritaOcegueda/matic-sub,https://github.com/SilviaMargaritaOcegueda/matic-sub,silviamargaritaocegueda,0,2022-10-04 03:43:41+00:00
JeffCX/Art-Gobbler-indexer,https://github.com/JeffCX/Art-Gobbler-indexer,jeffcx,0,2022-09-27 12:57:01+00:00
Abbas-Khann/NFTicket,https://github.com/Abbas-Khann/NFTicket,abbas-khann,8,2022-09-25 18:43:17+00:00
muffinfi/muffin-subgraph,https://github.com/muffinfi/muffin-subgraph,muffinfi,1,2022-09-23 03:45:50+00:00
thisisommore/dpm-web3-contracts,https://github.com/thisisommore/dpm-web3-contracts,thisisommore,0,2022-09-21 19:07:57+00:00
0xSzeth/back-to-the-future-fantom,https://github.com/0xSzeth/back-to-the-future-fantom,0xszeth,0,2022-09-21 18:20:13+00:00
chris13524/pap3rs,https://github.com/chris13524/pap3rs,chris13524,0,2022-09-10 15:44:12+00:00
mux-world/mux-referral-subgraph,https://github.com/mux-world/mux-referral-subgraph,mux-world,0,2022-09-01 07:59:47+00:00
protofire/maker-protocol-subgraph,https://github.com/protofire/maker-protocol-subgraph,protofire,16,2022-08-31 11:35:34+00:00
SmoothBot/keeper-perf-subgraph,https://github.com/SmoothBot/keeper-perf-subgraph,smoothbot,0,2022-08-23 11:02:42+00:00
diegocaminor/stitch-frontend,https://github.com/diegocaminor/stitch-frontend,diegocaminor,1,2022-08-21 14:40:46+00:00
beethovenxfi/user-bpt-balances-subgraph,https://github.com/beethovenxfi/user-bpt-balances-subgraph,beethovenxfi,1,2022-08-18 05:27:11+00:00
SiriusFinance/sirius-subgraph-astar,https://github.com/SiriusFinance/sirius-subgraph-astar,siriusfinance,2,2022-08-09 07:18:15+00:00
MercuricChloride/mess,https://github.com/MercuricChloride/mess,mercuricchloride,0,2022-08-06 12:37:01+00:00
sharathkrml/tech-assignment-1,https://github.com/sharathkrml/tech-assignment-1,sharathkrml,0,2022-08-03 10:28:56+00:00
centfinance/Symmetric.Subgraph,https://github.com/centfinance/Symmetric.Subgraph,centfinance,1,2022-08-02 14:48:15+00:00
bhargavaparoksham/badge-subgraph,https://github.com/bhargavaparoksham/badge-subgraph,bhargavaparoksham,0,2022-08-01 17:55:06+00:00
JoinColony/subgraphMetrics,https://github.com/JoinColony/subgraphMetrics,joincolony,1,2022-08-01 11:23:18+00:00
tianenpang/muse,https://github.com/tianenpang/muse,tianenpang,7,2022-07-24 14:10:04+00:00
anudit/poppsubgraph,https://github.com/anudit/poppsubgraph,anudit,0,2022-07-18 03:44:52+00:00
Instadapp/Paraswap-subgraph,https://github.com/Instadapp/Paraswap-subgraph,instadapp,0,2022-06-29 02:08:13+00:00
PLSFusion/The-Hexican-Archive,https://github.com/PLSFusion/The-Hexican-Archive,plsfusion,0,2022-06-29 01:04:52+00:00
0xasimraza/Subgraph,https://github.com/0xasimraza/Subgraph,0xasimraza,0,2022-06-18 11:23:31+00:00
jonathanhudak/subgraph,https://github.com/jonathanhudak/subgraph,jonathanhudak,0,2022-06-15 06:29:42+00:00
NFTX-project/eip721-subgraph-arbitrum,https://github.com/NFTX-project/eip721-subgraph-arbitrum,nftx-project,0,2022-06-14 09:12:32+00:00
incrypto32/billing-subgraph,https://github.com/incrypto32/billing-subgraph,incrypto32,1,2022-06-13 10:57:33+00:00
union-quest/union-quest,https://github.com/union-quest/union-quest,union-quest,7,2022-06-11 15:09:25+00:00
DimensionDev/MaskBox-Subgraph,https://github.com/DimensionDev/MaskBox-Subgraph,dimensiondev,0,2022-06-10 06:05:27+00:00
melotik/avax-nft-subgraph,https://github.com/melotik/avax-nft-subgraph,melotik,2,2022-06-05 14:34:05+00:00
cudoventures/cudos-subgraph,https://github.com/cudoventures/cudos-subgraph,cudoventures,0,2022-06-01 10:03:26+00:00
cryptovoxels/parcel-market-subgraph,https://github.com/cryptovoxels/parcel-market-subgraph,cryptovoxels,0,2022-05-30 09:38:33+00:00
web3hunt/web3hunt,https://github.com/web3hunt/web3hunt,web3hunt,4,2022-05-29 14:59:21+00:00
FarmersOnlyFi/foxswap-subgraph,https://github.com/FarmersOnlyFi/foxswap-subgraph,farmersonlyfi,0,2022-05-27 22:01:22+00:00
rtomas/lens-protocol-subgraph,https://github.com/rtomas/lens-protocol-subgraph,rtomas,1,2022-05-21 02:02:01+00:00
mrazaabbas54/Random-winner-game-,https://github.com/mrazaabbas54/Random-winner-game-,mrazaabbas54,0,2022-05-14 08:45:27+00:00
schmidsi/subgraph-dojo,https://github.com/schmidsi/subgraph-dojo,schmidsi,0,2022-05-13 10:50:48+00:00
Dapp-Learning-DAO/Dapp-Learning-WaterMargin,https://github.com/Dapp-Learning-DAO/Dapp-Learning-WaterMargin,dapp-learning-dao,2,2022-05-13 09:22:59+00:00
InverseFinance/inverse-subgraph,https://github.com/InverseFinance/inverse-subgraph,inversefinance,1,2022-05-10 22:57:34+00:00
RumeelHussainbnb/BAS-Nodereal-Demo-TheGraph,https://github.com/RumeelHussainbnb/BAS-Nodereal-Demo-TheGraph,rumeelhussainbnb,1,2022-05-10 12:41:46+00:00
SushimiNFT/holder-subgraph,https://github.com/SushimiNFT/holder-subgraph,sushiminft,3,2022-05-07 11:20:46+00:00
hyperbch/v3-subgraph,https://github.com/hyperbch/v3-subgraph,hyperbch,0,2022-05-07 03:55:14+00:00
open-web-academy/thegraph,https://github.com/open-web-academy/thegraph,open-web-academy,0,2022-05-07 00:31:12+00:00
envoys-lab/envoys-subgraph,https://github.com/envoys-lab/envoys-subgraph,envoys-lab,0,2022-05-05 16:47:48+00:00
crypto-stats/list-registry-subgraph,https://github.com/crypto-stats/list-registry-subgraph,crypto-stats,0,2022-05-05 13:42:07+00:00
tellor-io/tellor-multis-matich-graph,https://github.com/tellor-io/tellor-multis-matich-graph,tellor-io,0,2022-05-03 17:50:18+00:00
tellor-io/tellor-multis-mumbaih-graph,https://github.com/tellor-io/tellor-multis-mumbaih-graph,tellor-io,0,2022-05-03 17:41:23+00:00
jooyyy/graph-demo,https://github.com/jooyyy/graph-demo,jooyyy,0,2022-04-29 23:32:24+00:00
fudgebucket27/lexplorerSubgraph,https://github.com/fudgebucket27/lexplorerSubgraph,fudgebucket27,0,2022-04-23 20:38:34+00:00
Braeden0415/OIN-Fincance-SubGraph,https://github.com/Braeden0415/OIN-Fincance-SubGraph,braeden0415,0,2022-04-21 18:36:23+00:00
code-fiddle/diypunks,https://github.com/code-fiddle/diypunks,code-fiddle,0,2022-04-20 16:36:16+00:00
VitalPointAI/subgraph-poolv1,https://github.com/VitalPointAI/subgraph-poolv1,vitalpointai,0,2022-04-16 19:48:18+00:00
travisformayor/curio-holders,https://github.com/travisformayor/curio-holders,travisformayor,0,2022-04-12 18:48:30+00:00
Convergence-Finance/convergence-moonbeam-subgraph,https://github.com/Convergence-Finance/convergence-moonbeam-subgraph,convergence-finance,0,2022-04-06 10:02:47+00:00
VitalPointAI/subgraph-catalyst-factory-mainnet,https://github.com/VitalPointAI/subgraph-catalyst-factory-mainnet,vitalpointai,0,2022-04-02 23:05:27+00:00
Hector-Network/hector-subgraph,https://github.com/Hector-Network/hector-subgraph,hector-network,3,2022-04-01 11:07:31+00:00
z3r0d0n3/BalconyDaoGraph,https://github.com/z3r0d0n3/BalconyDaoGraph,z3r0d0n3,0,2022-03-25 07:23:48+00:00
shehanchalaka/pendle-tokens-subgraph,https://github.com/shehanchalaka/pendle-tokens-subgraph,shehanchalaka,0,2022-03-24 15:42:36+00:00
efenstakes/gravatar-graphi,https://github.com/efenstakes/gravatar-graphi,efenstakes,0,2022-03-23 11:34:41+00:00
traversng/castlekids-subgraph,https://github.com/traversng/castlekids-subgraph,traversng,0,2022-03-22 16:22:11+00:00
OlympusDAO/olympus-liquidity-subgraph,https://github.com/OlympusDAO/olympus-liquidity-subgraph,olympusdao,2,2022-03-19 21:02:36+00:00
MohaiminulEraj/gravatar-subgraph,https://github.com/MohaiminulEraj/gravatar-subgraph,mohaiminuleraj,0,2022-03-17 06:14:36+00:00
Pepewitch/pancakeswap0,https://github.com/Pepewitch/pancakeswap0,pepewitch,0,2022-03-16 08:15:12+00:00
Pepewitch/traderjoedex0,https://github.com/Pepewitch/traderjoedex0,pepewitch,0,2022-03-15 15:52:23+00:00
Previsionz-Blockchain/dydx-starkware-subgraph,https://github.com/Previsionz-Blockchain/dydx-starkware-subgraph,previsionz-blockchain,0,2022-03-02 14:06:31+00:00
blocksquare/blocksquare-graph,https://github.com/blocksquare/blocksquare-graph,blocksquare,1,2022-02-24 10:04:32+00:00
ashlesh-settlemint/scs1,https://github.com/ashlesh-settlemint/scs1,ashlesh-settlemint,0,2022-02-24 05:19:43+00:00
hazelnutcloud/exodia-subgraph-v2,https://github.com/hazelnutcloud/exodia-subgraph-v2,hazelnutcloud,0,2022-02-24 03:47:18+00:00
mertcanaltin/full-stack-web3,https://github.com/mertcanaltin/full-stack-web3,mertcanaltin,2,2022-02-19 08:52:53+00:00
tomjrtsmith/ribbon_subgraph,https://github.com/tomjrtsmith/ribbon_subgraph,tomjrtsmith,0,2022-02-15 01:10:59+00:00
travisformayor/curiocards-wrapper-subgraph,https://github.com/travisformayor/curiocards-wrapper-subgraph,travisformayor,0,2022-02-11 19:46:16+00:00
alphasea-dapp/alphasea,https://github.com/alphasea-dapp/alphasea,alphasea-dapp,5,2022-02-07 09:47:29+00:00
sirnicolaz/subgraphs,https://github.com/sirnicolaz/subgraphs,sirnicolaz,0,2022-01-28 14:42:06+00:00
nomspace/nom-subgraph,https://github.com/nomspace/nom-subgraph,nomspace,0,2022-01-20 02:11:44+00:00
lovelyrrg51/staking_subgraph,https://github.com/lovelyrrg51/staking_subgraph,lovelyrrg51,2,2022-01-17 15:50:56+00:00
opendao-protocols/open-mint-puffcakev2-subgraph,https://github.com/opendao-protocols/open-mint-puffcakev2-subgraph,opendao-protocols,0,2022-01-16 07:42:19+00:00
Hrushi2406/nft-marketplace,https://github.com/Hrushi2406/nft-marketplace,hrushi2406,32,2022-01-14 14:29:58+00:00
Abacus-wtf/abacus-indexer,https://github.com/Abacus-wtf/abacus-indexer,abacus-wtf,0,2022-01-11 23:57:41+00:00
tur461/Subgraphs,https://github.com/tur461/Subgraphs,tur461,0,2021-12-18 07:53:07+00:00
kumailraza404/GrtSubgraph,https://github.com/kumailraza404/GrtSubgraph,kumailraza404,1,2021-12-16 11:32:23+00:00
DIGITALAX/nix-subgraph,https://github.com/DIGITALAX/nix-subgraph,digitalax,2,2021-12-09 15:03:04+00:00
VitalPointAI/subgraph-dao,https://github.com/VitalPointAI/subgraph-dao,vitalpointai,0,2021-12-04 00:58:42+00:00
itsjerryokolo/Viral-Token,https://github.com/itsjerryokolo/Viral-Token,itsjerryokolo,0,2021-11-23 08:18:16+00:00
critesjosh/hello-celo-graph,https://github.com/critesjosh/hello-celo-graph,critesjosh,0,2021-11-19 16:07:51+00:00
VitalPointAI/graph-near-blocks,https://github.com/VitalPointAI/graph-near-blocks,vitalpointai,0,2021-11-15 00:09:19+00:00
beeshalrizal/balancer-merkle-orchard,https://github.com/beeshalrizal/balancer-merkle-orchard,beeshalrizal,0,2021-11-10 12:34:51+00:00
trustlines-protocol/tl-swap,https://github.com/trustlines-protocol/tl-swap,trustlines-protocol,0,2021-10-26 10:52:35+00:00
ApeSwapFinance/apeswap-subgraph,https://github.com/ApeSwapFinance/apeswap-subgraph,apeswapfinance,4,2021-10-25 17:35:02+00:00
Slokh/opensea-analytics,https://github.com/Slokh/opensea-analytics,slokh,3,2021-10-14 21:48:02+00:00
protofire/autoglyphs,https://github.com/protofire/autoglyphs,protofire,7,2021-10-12 16:59:49+00:00
decentralgames/graph-ice-registrant,https://github.com/decentralgames/graph-ice-registrant,decentralgames,0,2021-10-05 01:38:37+00:00
bndes/rbb-identificacao,https://github.com/bndes/rbb-identificacao,bndes,1,2021-09-27 20:18:51+00:00
unbound-finance/unbound-subgraph,https://github.com/unbound-finance/unbound-subgraph,unbound-finance,0,2021-09-25 07:05:09+00:00
reflexer-labs/geb-periphery-subgraph,https://github.com/reflexer-labs/geb-periphery-subgraph,reflexer-labs,1,2021-09-22 14:09:50+00:00
zacel/rari-fuse-subgraph,https://github.com/zacel/rari-fuse-subgraph,zacel,4,2021-09-15 02:09:04+00:00
lmcorbalan/subgraph-issue,https://github.com/lmcorbalan/subgraph-issue,lmcorbalan,0,2021-09-06 20:04:08+00:00
protofire/memeltd-subgraph,https://github.com/protofire/memeltd-subgraph,protofire,1,2021-09-02 18:44:51+00:00
0xSzeth/back-to-the-future-rinkeby,https://github.com/0xSzeth/back-to-the-future-rinkeby,0xszeth,0,2021-08-27 22:50:38+00:00
Yoio/OKExChain-TheGraph-Integration,https://github.com/Yoio/OKExChain-TheGraph-Integration,yoio,4,2021-08-17 01:54:30+00:00
protofire/makers-place-subgraph,https://github.com/protofire/makers-place-subgraph,protofire,1,2021-08-12 18:17:21+00:00
PSYTWEAK/promise-subgraph,https://github.com/PSYTWEAK/promise-subgraph,psytweak,0,2021-08-10 15:08:59+00:00
naikaayush/orange-life-the-graph,https://github.com/naikaayush/orange-life-the-graph,naikaayush,1,2021-08-10 12:51:23+00:00
daniel-kung/swap-ok,https://github.com/daniel-kung/swap-ok,daniel-kung,0,2021-08-01 07:38:07+00:00
GITCOINDEVELOPER/Opnsbgrph,https://github.com/GITCOINDEVELOPER/Opnsbgrph,gitcoindeveloper,1,2021-07-25 06:00:55+00:00
secretshardul/the-graph-celo,https://github.com/secretshardul/the-graph-celo,secretshardul,7,2021-07-19 07:09:05+00:00
etherliteexchange/etherliteexchange-subgraph,https://github.com/etherliteexchange/etherliteexchange-subgraph,etherliteexchange,0,2021-07-14 20:20:56+00:00
rojotek/subgraph-test,https://github.com/rojotek/subgraph-test,rojotek,0,2021-07-05 20:18:26+00:00
GalloDaSballo/mai-finance-subgraph,https://github.com/GalloDaSballo/mai-finance-subgraph,gallodasballo,4,2021-06-17 18:59:57+00:00
perpfutui/apex-graph,https://github.com/perpfutui/apex-graph,perpfutui,0,2021-06-12 14:42:27+00:00
strips-finance/mock-subgraph,https://github.com/strips-finance/mock-subgraph,strips-finance,0,2021-06-07 21:38:54+00:00
jannikluhn/graffiti,https://github.com/jannikluhn/graffiti,jannikluhn,1,2021-05-27 19:07:09+00:00
liteswap/liteswap-v2-subgraph,https://github.com/liteswap/liteswap-v2-subgraph,liteswap,0,2021-05-27 01:43:49+00:00
massbitprotocol/indexer,https://github.com/massbitprotocol/indexer,massbitprotocol,1,2021-05-26 07:46:28+00:00
daniel-kung/OKchain-graph,https://github.com/daniel-kung/OKchain-graph,daniel-kung,0,2021-05-23 10:30:15+00:00
indexed-finance/indexed-subgraph,https://github.com/indexed-finance/indexed-subgraph,indexed-finance,0,2021-05-23 09:13:58+00:00
litegraph/augur-subgraph,https://github.com/litegraph/augur-subgraph,litegraph,0,2021-05-08 06:35:07+00:00
litegraph/compound-v2-subgraph,https://github.com/litegraph/compound-v2-subgraph,litegraph,0,2021-05-08 06:33:50+00:00
markusbkoch/ensaios,https://github.com/markusbkoch/ensaios,markusbkoch,0,2021-05-06 11:32:59+00:00
xdaichain/liquidity-providers-subgraph,https://github.com/xdaichain/liquidity-providers-subgraph,xdaichain,1,2021-04-29 12:24:07+00:00
xilibi2003/Gameplayer,https://github.com/xilibi2003/Gameplayer,xilibi2003,17,2021-04-29 03:25:06+00:00
stevyhacker/token-locker-web,https://github.com/stevyhacker/token-locker-web,stevyhacker,4,2021-04-24 22:54:27+00:00
SashimiProject/sashimi-graph-cross-chain,https://github.com/SashimiProject/sashimi-graph-cross-chain,sashimiproject,0,2021-04-22 08:36:21+00:00
0xOrg/eip721-subgraph-rinkeby,https://github.com/0xOrg/eip721-subgraph-rinkeby,0xorg,0,2021-04-16 08:29:58+00:00
GalloDaSballo/aave-chainlink-euro,https://github.com/GalloDaSballo/aave-chainlink-euro,gallodasballo,2,2021-04-15 14:07:00+00:00
fatter-bo/graphstudy,https://github.com/fatter-bo/graphstudy,fatter-bo,0,2021-04-15 09:22:41+00:00
chainGers-2021/baby-shark,https://github.com/chainGers-2021/baby-shark,chaingers-2021,4,2021-04-11 21:18:55+00:00
andrejrakic/quantstamp-subgraph,https://github.com/andrejrakic/quantstamp-subgraph,andrejrakic,1,2021-03-31 20:00:03+00:00
GalloDaSballo/matic-microblog-mono,https://github.com/GalloDaSballo/matic-microblog-mono,gallodasballo,7,2021-03-31 13:53:12+00:00
zhxymh/shardingdao-graph,https://github.com/zhxymh/shardingdao-graph,zhxymh,0,2021-03-26 12:37:14+00:00
hzz780/thegraph-hello,https://github.com/hzz780/thegraph-hello,hzz780,0,2021-03-24 05:00:45+00:00
caleboutlex/eip721-subgraph-fantom,https://github.com/caleboutlex/eip721-subgraph-fantom,caleboutlex,0,2021-03-22 16:51:18+00:00
merklejerk/mooncatsrescue-subgraph,https://github.com/merklejerk/mooncatsrescue-subgraph,merklejerk,4,2021-03-20 06:46:20+00:00
zapaz/compound-v2-subgraph-kovan,https://github.com/zapaz/compound-v2-subgraph-kovan,zapaz,0,2021-02-28 22:13:03+00:00
MantraDAO/om-staking-v2-subgraph,https://github.com/MantraDAO/om-staking-v2-subgraph,mantradao,0,2021-02-04 04:57:46+00:00
AxieWorld/axie-infinity-core-subgraph,https://github.com/AxieWorld/axie-infinity-core-subgraph,axieworld,2,2021-02-03 09:06:44+00:00
smartnarrative/snn-graph-1,https://github.com/smartnarrative/snn-graph-1,smartnarrative,0,2021-01-23 17:26:33+00:00
PierrickGT/piedao-subgraph,https://github.com/PierrickGT/piedao-subgraph,pierrickgt,2,2021-01-20 21:41:57+00:00
push-protocol/push-subgraph,https://github.com/push-protocol/push-subgraph,push-protocol,2,2021-01-07 14:14:48+00:00
Africaswap/africaswap-subgraph,https://github.com/Africaswap/africaswap-subgraph,africaswap,0,2021-01-01 22:44:50+00:00
Celsians/celswap-subgraph,https://github.com/Celsians/celswap-subgraph,celsians,0,2020-12-21 09:31:50+00:00
leoyvens/ds-revert-in-memory-state,https://github.com/leoyvens/ds-revert-in-memory-state,leoyvens,0,2020-12-14 18:17:03+00:00
omgswap/omegasub,https://github.com/omgswap/omegasub,omgswap,1,2020-12-14 02:45:33+00:00
leapdao/bounty-system,https://github.com/leapdao/bounty-system,leapdao,0,2020-10-30 10:56:50+00:00
strudel-finance/relay-auction,https://github.com/strudel-finance/relay-auction,strudel-finance,0,2020-10-27 14:16:38+00:00
nmadd/meme-subgraph,https://github.com/nmadd/meme-subgraph,nmadd,0,2020-10-11 18:36:06+00:00
zyra-zia/TBTC-Explorer,https://github.com/zyra-zia/TBTC-Explorer,zyra-zia,2,2020-09-30 20:51:48+00:00
burgerswap-org/burgerswap-subgraph,https://github.com/burgerswap-org/burgerswap-subgraph,burgerswap-org,6,2020-09-12 15:12:23+00:00
Conflux-Network-Global/demo-cfx-graphprotocol,https://github.com/Conflux-Network-Global/demo-cfx-graphprotocol,conflux-network-global,0,2020-09-01 18:59:45+00:00
freight-trust/subgraphs,https://github.com/freight-trust/subgraphs,freight-trust,0,2020-08-18 20:20:21+00:00
lichen-lab-ltd/Blue-Coati,https://github.com/lichen-lab-ltd/Blue-Coati,lichen-lab-ltd,0,2020-08-06 22:19:41+00:00
odyssy-automaton/od-moloch-subgraphs,https://github.com/odyssy-automaton/od-moloch-subgraphs,odyssy-automaton,1,2020-01-22 21:59:35+00:00
